sku,platform,days_tracked,days_oos,longest_oos_streak,max_discount,avg_discount
ABFP30,amazon,1,0,0,,
ABFP30,flipkart,1,0,0,,
ABFP30,myntra,1,0,0,,
ABFP30,nykaa,1,0,0,,
ABFP30,shopify,1,0,0,0.0,0.0
ABFP30,smytten,1,0,0,,
APOS8,amazon,1,0,0,52.0,52.0
APOS8,flipkart,1,0,0,,
APOS8,myntra,1,0,0,,
APOS8,nykaa,1,0,0,,
APOS8,shopify,1,0,0,0.0,0.0
APOS8,smytten,1,0,0,,
ARISSS50,amazon,1,0,0,50.0,50.0
ARISSS50,flipkart,1,0,0,,
ARISSS50,myntra,1,0,0,,
ARISSS50,shopify,1,0,0,0.0,0.0
ARISSS50,smytten,1,0,0,,
ARO100,amazon,1,0,0,100.0,100.0
ARO100,flipkart,1,0,0,,
ARO100,myntra,1,0,0,,
ARO100,nykaa,1,0,0,,
ARO100,shopify,1,0,0,0.0,0.0
ARO100,smytten,1,0,0,,
ARSM50,amazon,1,0,0,20.0,20.0
ARSM50,flipkart,1,0,0,,
ARSM50,myntra,1,0,0,,
ARSM50,nykaa,1,0,0,,
ARSM50,shopify,1,0,0,0.0,0.0
AVG200,amazon,1,0,0,,
AVG200,flipkart,1,0,0,,
AVG200,myntra,1,0,0,,
AVG200,nykaa,1,0,0,,
AVG200,shopify,1,0,0,0.0,0.0
AVG200,smytten,1,0,0,,
CCBL200,amazon,1,0,0,,
CCBL200,flipkart,1,0,0,,
CCBL200,myntra,1,0,0,,
CCBL200,shopify,1,0,0,0.0,0.0
CCBL200,smytten,1,0,0,,
CCBS200,amazon,1,0,0,,
CCBS200,myntra,1,0,0,,
CCBS200,shopify,1,0,0,0.0,0.0
CCBW200,amazon,1,0,0,,
CCBW200,flipkart,1,0,0,,
CCBW200,myntra,1,0,0,,
CCBW200,shopify,1,0,0,0.0,0.0
CCBW200,smytten,1,0,0,,
CCGK,amazon,1,1,1,42.8,42.8
CCGK,myntra,1,0,0,,
CCGK,nykaa,1,0,0,,
CCGK,shopify,1,0,0,0.0,0.0
CCGK,smytten,1,0,0,,
CCHC30,amazon,1,0,0,70.0,70.0
CCHC30,myntra,1,0,0,,
CCHC30,nykaa,1,0,0,,
CCHC30,shopify,1,0,0,0.0,0.0
CCHC30,smytten,1,0,0,,
CDM125,amazon,1,0,0,,
CDM125,myntra,1,0,0,,
CDM125,nykaa,1,0,0,,
CDM125,shopify,1,0,0,0.0,0.0
CDM125,smytten,1,0,0,,
CDSH300,amazon,1,0,0,,
CDSH300,myntra,1,0,0,,
CDSH300,shopify,1,0,0,0.0,0.0
CFSH200,amazon,1,0,0,,
CFSH200,flipkart,1,0,0,,
CFSH200,myntra,1,0,0,,
CFSH200,nykaa,1,0,0,,
CFSH200,shopify,1,0,0,0.0,0.0
CFSH200,smytten,1,0,0,,
FWAR100,amazon,1,0,0,0.0,0.0
FWAR100,flipkart,1,0,0,,
FWAR100,myntra,1,0,0,,
FWAR100,nykaa,1,0,0,,
FWAR100,shopify,1,0,0,0.0,0.0
FWOA100,amazon,1,0,0,0.0,0.0
FWOA100,flipkart,1,0,0,,
FWOA100,myntra,1,0,0,,
FWOA100,nykaa,1,0,0,,
FWOA100,shopify,1,0,0,0.0,0.0
FWSB100,amazon,1,0,0,0.0,0.0
FWSB100,flipkart,1,0,0,,
FWSB100,myntra,1,0,0,,
FWSB100,nykaa,1,0,0,,
FWSB100,shopify,1,0,0,0.0,0.0
HAFS30,amazon,1,0,0,,
HAFS30,flipkart,1,0,0,,
HAFS30,myntra,1,0,0,,
HAFS30,nykaa,1,0,0,,
HAFS30,shopify,1,0,0,0.0,0.0
HAFS30,smytten,1,0,0,,
HSC70,amazon,1,0,0,,
HSC70,myntra,1,0,0,,
HSC70,nykaa,1,0,0,,
HSC70,shopify,1,0,0,0.0,0.0
LCBL200,amazon,1,0,0,,
LCBL200,flipkart,1,0,0,,
LCBL200,myntra,1,0,0,,
LCBL200,nykaa,1,0,0,,
LCBL200,shopify,1,0,0,0.0,0.0
LCBL200,smytten,1,0,0,,
LCBW200,amazon,1,0,0,,
LCBW200,flipkart,1,0,0,,
LCBW200,myntra,1,0,0,,
LCBW200,nykaa,1,0,0,,
LCBW200,shopify,1,0,0,0.0,0.0
LCBW200,smytten,1,0,0,,
LLGK,amazon,1,0,0,0.0,0.0
LLGK,flipkart,1,0,0,,
LLGK,myntra,1,0,0,,
LLGK,nykaa,1,0,0,,
LLGK,shopify,1,0,0,0.0,0.0
LLGK,smytten,1,0,0,,
LLSH200,amazon,1,0,0,,
LLSH200,flipkart,1,0,0,,
LLSH200,myntra,1,0,0,,
LLSH200,nykaa,1,0,0,,
LLSH200,shopify,1,0,0,0.0,0.0
LLSH200,smytten,1,0,0,,
LLSS30,amazon,1,0,0,70.0,70.0
LLSS30,flipkart,1,0,0,,
LLSS30,myntra,1,0,0,,
LLSS30,nykaa,1,0,0,,
LLSS30,shopify,1,0,0,0.0,0.0
LLSS30,smytten,1,0,0,,
MAR50,amazon,1,0,0,50.0,50.0
MAR50,flipkart,1,0,0,,
MAR50,myntra,1,0,0,,
MAR50,nykaa,1,0,0,,
MAR50,shopify,1,0,0,0.0,0.0
MCBL200,amazon,1,0,0,,
MCBL200,flipkart,1,0,0,,
MCBL200,myntra,1,0,0,,
MCBL200,shopify,1,0,0,0.0,0.0
MCBL200,smytten,1,0,0,,
MCBW200,amazon,1,0,0,,
MCBW200,flipkart,1,0,0,,
MCBW200,myntra,1,0,0,,
MCBW200,nykaa,1,0,0,,
MCBW200,shopify,1,0,0,0.0,0.0
MCBW200,smytten,1,0,0,,
MDC125,amazon,1,0,0,,
MDC125,flipkart,1,0,0,,
MDC125,myntra,1,0,0,,
MDC125,nykaa,1,0,0,,
MDC125,shopify,1,0,0,0.0,0.0
MFGK,amazon,1,0,0,100.0,100.0
MFGK,flipkart,1,0,0,,
MFGK,myntra,1,0,0,,
MFGK,nykaa,1,0,0,,
MFGK,shopify,1,0,0,0.0,0.0
MFGK,smytten,1,0,0,,
MHFC125,amazon,1,0,0,,
MHFC125,flipkart,1,0,0,,
MHFC125,myntra,1,0,0,,
MHFC125,nykaa,1,0,0,,
MHFC125,shopify,1,0,0,0.0,0.0
MHM125,amazon,1,0,0,,
MHM125,flipkart,1,0,0,,
MHM125,myntra,1,0,0,,
MHM125,nykaa,1,0,0,,
MHM125,shopify,1,0,0,0.0,0.0
MOA50,amazon,1,0,0,50.0,50.0
MOA50,myntra,1,0,0,,
MOA50,nykaa,1,0,0,,
MOA50,shopify,1,0,0,0.0,0.0
MPSS50,amazon,1,0,0,50.0,50.0
MPSS50,flipkart,1,0,0,,
MPSS50,myntra,1,0,0,,
MPSS50,nykaa,1,0,0,,
MPSS50,shopify,1,0,0,0.0,0.0
MSB50,amazon,1,0,0,0.0,0.0
MSB50,myntra,1,0,0,,
MSB50,nykaa,1,0,0,,
MSB50,shopify,1,0,0,0.0,0.0
MSB50,smytten,1,0,0,,
NCFS30,amazon,1,0,0,,
NCFS30,flipkart,1,0,0,,
NCFS30,myntra,1,0,0,,
NCFS30,nykaa,1,0,0,,
NCFS30,shopify,1,0,0,0.0,0.0
NCFS30,smytten,1,0,0,,
NPFW30,amazon,1,0,0,70.0,70.0
NPFW30,myntra,1,0,0,,
NPFW30,nykaa,1,0,0,,
NPFW30,shopify,1,0,0,0.0,0.0
NPFW30,smytten,1,0,0,,
NSLBBS,amazon,1,0,0,0.0,0.0
NSLBBS,flipkart,1,0,0,,
NSLBBS,myntra,1,0,0,,
NSLBBS,shopify,1,0,0,0.0,0.0
NSLBBS,smytten,1,0,0,,
OAISSS50,amazon,1,0,0,50.0,50.0
OAISSS50,myntra,1,0,0,,
OAISSS50,shopify,1,0,0,0.0,0.0
OAISSS50,smytten,1,0,0,,
OASM50,amazon,1,0,0,22.8,22.8
OASM50,flipkart,1,0,0,,
OASM50,myntra,1,0,0,,
OASM50,nykaa,1,0,0,,
OASM50,shopify,1,0,0,0.0,0.0
OASM50,smytten,1,0,0,,
OBOS8,amazon,1,0,0,52.0,52.0
OBOS8,flipkart,1,0,0,,
OBOS8,myntra,1,0,0,,
OBOS8,nykaa,1,0,0,,
OBOS8,shopify,1,0,0,0.0,0.0
OBOS8,smytten,1,0,0,,
ONO100,amazon,1,0,0,100.0,100.0
ONO100,flipkart,1,0,0,,
ONO100,myntra,1,0,0,,
ONO100,nykaa,1,0,0,,
ONO100,shopify,1,0,0,0.0,0.0
ONO100,smytten,1,0,0,,
PAO100A,amazon,1,0,0,0.0,0.0
PAO100A,flipkart,1,0,0,,
PAO100A,myntra,1,0,0,,
PAO100A,nykaa,1,0,0,,
PAO100A,shopify,1,0,0,0.0,0.0
PAO100A,smytten,1,0,0,,
PCAO200A,amazon,1,0,0,,
PCAO200A,flipkart,1,0,0,,
PCAO200A,myntra,1,0,0,,
PCAO200A,nykaa,1,0,0,,
PCAO200A,shopify,1,0,0,0.0,0.0
PCAO200A,smytten,1,0,0,,
PCO200A,amazon,1,0,0,0.0,0.0
PCO200A,flipkart,1,0,0,,
PCO200A,myntra,1,0,0,,
PCO200A,nykaa,1,0,0,,
PCO200A,shopify,1,0,0,0.0,0.0
PCO200A,smytten,1,0,0,,
PRMEO15A,amazon,1,0,0,85.0,85.0
PRMEO15A,flipkart,1,0,0,,
PRMEO15A,myntra,1,0,0,,
PRMEO15A,nykaa,1,0,0,,
PRMEO15A,shopify,1,0,0,0.0,0.0
PRMEO15A,smytten,1,0,0,,
RCBL200,amazon,1,0,0,,
RCBL200,flipkart,1,0,0,,
RCBL200,myntra,1,0,0,,
RCBL200,nykaa,1,0,0,,
RCBL200,shopify,1,0,0,0.0,0.0
RCBL200,smytten,1,0,0,,
RCBW200,amazon,1,0,0,,
RCBW200,myntra,1,0,0,,
RCBW200,shopify,1,0,0,0.0,0.0
RCBW200,smytten,1,0,0,,
RMO100,amazon,1,0,0,0.0,0.0
RMO100,flipkart,1,0,0,,
RMO100,myntra,1,0,0,,
RMO100,nykaa,1,0,0,,
RMO100,shopify,1,0,0,0.0,0.0
RMO100,smytten,1,0,0,,
RMOS8,amazon,1,0,0,52.0,52.0
RMOS8,flipkart,1,0,0,,
RMOS8,myntra,1,0,0,,
RMOS8,nykaa,1,0,0,,
RMOS8,shopify,1,0,0,0.0,0.0
RMOS8,smytten,1,0,0,,
RMSH200,amazon,1,0,0,,
RMSH200,flipkart,1,0,0,,
RMSH200,myntra,1,0,0,,
RMSH200,nykaa,1,0,0,,
RMSH200,shopify,1,0,0,0.0,0.0
RMSH200,smytten,1,0,0,,
RPFW30,amazon,1,0,0,100.0,100.0
RPFW30,flipkart,1,0,0,,
RPFW30,myntra,1,0,0,,
RPFW30,nykaa,1,0,0,,
RPFW30,shopify,1,0,0,0.0,0.0
RPFW30,smytten,1,0,0,,
RRGK,amazon,1,0,0,0.0,0.0
RRGK,flipkart,1,0,0,,
RRGK,myntra,1,0,0,,
RRGK,nykaa,1,0,0,,
RRGK,shopify,1,0,0,0.0,0.0
RRGK,smytten,1,0,0,,
RRSS30,amazon,1,0,0,,
RRSS30,myntra,1,0,0,,
RRSS30,nykaa,1,0,0,,
RRSS30,shopify,1,0,0,0.0,0.0
RRSS30,smytten,1,0,0,,
SAFS30,amazon,1,0,0,,
SAFS30,flipkart,1,0,0,,
SAFS30,myntra,1,0,0,,
SAFS30,nykaa,1,0,0,,
SAFS30,shopify,1,0,0,0.0,0.0
SAFS30,smytten,1,0,0,,
SBSM50,amazon,1,0,0,50.0,50.0
SBSM50,myntra,1,0,0,,
SBSM50,nykaa,1,0,0,,
SBSM50,shopify,1,0,0,0.0,0.0
SBSM50,smytten,1,0,0,,
SCBW200,amazon,1,1,1,69.2,69.2
SCBW200,myntra,1,0,0,,
SCBW200,nykaa,1,0,0,,
SCBW200,shopify,1,0,0,0.0,0.0
SCBW200,smytten,1,0,0,,
SDC300,amazon,1,0,0,,
SDC300,flipkart,1,0,0,,
SDC300,myntra,1,0,0,,
SDC300,nykaa,1,0,0,,
SDC300,shopify,1,0,0,0.0,0.0
SHFC300,amazon,1,0,0,,
SHFC300,flipkart,1,0,0,,
SHFC300,myntra,1,0,0,,
SHFC300,nykaa,1,0,0,,
SHFC300,shopify,1,0,0,0.0,0.0
SHM300,amazon,1,0,0,,
SHM300,flipkart,1,0,0,,
SHM300,myntra,1,0,0,,
SHM300,nykaa,1,0,0,,
SHM300,shopify,1,0,0,0.0,0.0
SLBW200,amazon,1,1,1,24.4,24.4
SLBW200,myntra,1,0,0,,
SLBW200,nykaa,1,0,0,,
SLBW200,shopify,1,0,0,0.0,0.0
SLFW100,amazon,1,0,0,0.0,0.0
SLFW100,flipkart,1,0,0,,
SLFW100,myntra,1,0,0,,
SLFW100,nykaa,1,0,0,,
SLFW100,shopify,1,0,0,0.0,0.0
SLFW100,smytten,1,0,0,,
SSGK,amazon,1,0,0,0.0,0.0
SSGK,flipkart,1,0,0,,
SSGK,myntra,1,0,0,,
SSGK,shopify,1,0,0,0.0,0.0
SSGK,smytten,1,0,0,,
TBM125,amazon,1,0,0,,
TBM125,flipkart,1,0,0,,
TBM125,myntra,1,0,0,,
TBM125,nykaa,1,0,0,,
TBM125,shopify,1,0,0,0.0,0.0
TBM125,smytten,1,0,0,,
TBSH200,amazon,1,0,0,,
TBSH200,flipkart,1,0,0,,
TBSH200,myntra,1,0,0,,
TBSH200,nykaa,1,0,0,,
TBSH200,shopify,1,0,0,0.0,0.0
TBSH200,smytten,1,0,0,,
TTO100,amazon,1,0,0,99.9,99.9
TTO100,flipkart,1,0,0,,
TTO100,myntra,1,0,0,,
TTO100,nykaa,1,0,0,,
TTO100,shopify,1,0,0,0.0,0.0
TTO100,smytten,1,0,0,,
TTSOS8,amazon,1,0,0,52.0,52.0
TTSOS8,myntra,1,0,0,,
TTSOS8,nykaa,1,0,0,,
TTSOS8,shopify,1,0,0,0.0,0.0
TTSOS8,smytten,1,0,0,,
VCFS30,amazon,1,0,0,70.0,70.0
VCFS30,myntra,1,0,0,,
VCFS30,nykaa,1,0,0,,
VCFS30,shopify,1,0,0,0.0,0.0
VCFS30,smytten,1,0,0,,
VCPFW30,amazon,1,1,1,55.5,55.5
VCPFW30,myntra,1,0,0,,
VCPFW30,nykaa,1,0,0,,
VCPFW30,shopify,1,0,0,0.0,0.0
